Serving Size,Saturated Fat,Sodium
4.8 oz (136 g),5.0,750
4.8 oz (135 g),3.0,770
3.9 oz (111 g),8.0,780
5.7 oz (161 g),10.0,860
5.7 oz (161 g),8.0,880
6.5 oz (185 g),9.0,960
 Egg & Cheese Biscuit (Regular Biscuit)",40,83
 Egg & Cheese Biscuit (Large Biscuit)",47,83
 Egg & Cheese Biscuit with Egg Whites (Regular Biscuit)",32,11
 Egg & Cheese Biscuit with Egg Whites (Large Biscuit)",38,11
4.1 oz (117 g),12.0,1080
4.6 oz (131 g),13.0,1190
5.7 oz (163 g),14.0,1170
6.2 oz (177 g),15.0,1280
5.9 oz (167 g),12.0,1180
6.4 oz (181 g),13.0,1290
5 oz (143 g),8.0,1180
5.5 oz (157 g),9.0,1290
7.1 oz (201 g),16.0,1470
 Egg & Cheese McGriddles",32,84
 Egg & Cheese McGriddles with Egg Whites",24,11
5 oz (141 g),8.0,1030
 Egg & Cheese McGriddles",48,89
 Egg & Cheese McGriddles with Egg Whites",40,17
 Egg & Cheese Bagel",48,92
 Egg & Cheese Bagel with Egg Whites",39,20
 Egg & Cheese Bagel",53,99
9.5 oz (269 g),17.0,1560
10 oz (283 g),18.0,1680
9.6 oz (272 g),14.0,1590
10.1 oz (286 g),14.0,1700
14.8 oz (420 g),19.0,2150
15.3 oz (434 g),20.0,2260
14.9 oz (423 g),16.0,2170
15.4 oz (437 g),16.0,2290
5.3 oz (151 g),2.0,590
6.8 oz (192 g),7.0,930
3.9 oz (111 g),7.0,790
2 oz (56 g),1.5,310
4 oz (114 g),9.0,370
9.6 oz (251 g),1.5,160
9.6 oz (251 g),1.5,115
7.4 oz (211 g),10.0,960
7.1 oz (202 g),12.0,1100
8 oz (227 g),13.0,1440
8.3 oz (235 g),13.0,1180
8.6 oz (244 g),11.0,960
10 oz (283 g),19.0,1280
3.5 oz (98 g),3.0,480
4 oz (113 g),5.0,680
5.7 oz (161 g),10.0,1040
9.5 oz (270 g),15.0,1470
5.2 oz (147 g),8.0,840
5.7 oz (161 g),10.0,1110
6.7 oz (190 g),9.0,760
5.6 oz (159 g),9.0,1030
7.3 oz (208 g),10.0,980
7.5 oz (213 g),3.5,990
7 oz (200 g),2.0,820
8.8 oz (249 g),9.0,1410
8.3 oz (235 g),7.0,1250
8.1 oz (230 g),6.0,1400
7.6 oz (217 g),4.5,1230
10 oz (284 g),10.0,1720
9.5 oz (270 g),8.0,1560
5.6 oz (160 g),3.0,910
5.1 oz (143 g),3.0,800
6 oz (171 g),7.0,1260
5.7 oz (161 g),5.0,1260
5.2 oz (148 g),3.0,990
11.1 oz (316 g),9.0,1540
10.7 oz (302 g),7.0,1370
10.9 oz (310 g),8.0,1340
10.5 oz (297 g),6.0,1170
11.1 oz (314 g),8.0,1480
11.2 oz (318 g),6.0,1320
10.7 oz (304 g),4.5,1260
10.3 oz (291 g),3.0,1090
2.3 oz (65 g),2.0,360
3.4 oz (97 g),3.0,540
5.7 oz (162 g),5.0,900
11.4 oz (323 g),10.0,1800
22.8 oz (646 g),20.0,3600
5 oz (142 g),4.0,590
7.9 oz (223 g),3.5,300
9 oz (255 g),6.0,860
8.5 oz (241 g),4.0,690
8.1 oz (230 g),2.0,150
12.3 oz (348 g),4.5,850
11.8 oz (335 g),2.5,680
4.6 oz (130 g),4.5,780
4.3 oz (123 g),3.5,700
4.3 oz (123 g),4.5,730
4.1 oz (116 g),3.5,650
4.5 oz (128 g),5.0,810
4.3 oz (121 g),4.5,720
2.6 oz (75 g),1.5,130
3.9 oz (111 g),2.5,190
5.9 oz (168 g),3.5,290
1.3 oz (38 g),1.0,65
3.1 oz (87 g),0.0,10
1.2 oz (34 g),0.0,0
5.2 oz (149 g),1.0,70
2.7 oz (77 g),7.0,170
1 cookie (33 g),3.5,90
1 cookie (33 g),2.5,135
1 oz (29 g),1.0,20
6.3 oz (179 g),7.0,170
6.4 oz (182 g),5.0,150
6.3 oz (178 g),4.0,85
16 fl oz cup,0.0,0
21 fl oz cup,0.0,5
30 fl oz cup,0.0,5
12 fl oz cup,0.0,0
16 fl oz cup,0.0,10
21 fl oz cup,0.0,20
30 fl oz cup,0.0,35
12 fl oz cup,0.0,15
16 fl oz cup,0.0,45
21 fl oz cup,0.0,65
30 fl oz cup,0.0,90
12 fl oz cup,0.0,30
16 fl oz cup,0.0,70
21 fl oz cup,0.0,100
30 fl oz cup,0.0,140
12 fl oz cup,0.0,50
16 fl oz cup,0.0,30
21 fl oz cup,0.0,45
30 fl oz cup,0.0,60
12 fl oz cup,0.0,25
1 carton (236 ml),1.5,125
1 carton (236 ml),0.0,135
6 fl oz (177 ml),0.0,15
12 fl oz cup,0.0,0
16 fl oz cup,0.0,0
22 fl oz cup,0.0,5
16.9 fl oz,0.0,0
16 fl oz cup,0.0,10
21 fl oz cup,0.0,10
30 fl oz cup,0.0,15
12 fl oz cup,0.0,5
16 fl oz cup,0.0,10
21 fl oz cup,0.0,10
30 fl oz cup,0.0,10
12 fl oz cup,0.0,5
12 fl oz cup,0.0,0
16 fl oz cup,0.0,0
16 fl oz cup,0.0,0
12 fl oz cup,5.0,115
16 fl oz cup,6.0,140
20 fl oz cup,8.0,180
12 fl oz cup,5.0,115
16 fl oz cup,6.0,140
20 fl oz cup,8.0,180
12 fl oz cup,5.0,115
16 fl oz cup,6.0,140
20 fl oz cup,8.0,180
12 fl oz cup,5.0,115
16 fl oz cup,6.0,140
20 fl oz cup,8.0,190
12 fl oz cup,5.0,150
16 fl oz cup,6.0,190
20 fl oz cup,8.0,240
12 fl oz cup,0.0,110
16 fl oz cup,0.0,135
20 fl oz cup,0.0,180
12 fl oz cup,0.0,110
16 fl oz cup,0.0,135
20 fl oz cup,0.0,180
12 fl oz cup,0.0,110
16 fl oz cup,0.0,135
20 fl oz cup,0.0,180
12 fl oz cup,0.0,115
16 fl oz cup,0.0,140
20 fl oz cup,0.0,180
12 fl oz cup,0.0,150
16 fl oz cup,0.0,180
20 fl oz cup,0.0,240
12 fl oz cup,7.0,150
16 fl oz cup,8.0,190
20 fl oz cup,10.0,240
12 fl oz cup,2.0,150
16 fl oz cup,2.0,190
20 fl oz cup,2.5,240
12 fl oz cup,7.0,170
16 fl oz cup,8.0,220
20 fl oz cup,10.0,270
12 fl oz cup,2.0,170
16 fl oz cup,2.0,210
20 fl oz cup,2.5,270
12 fl oz cup,8.0,180
16 fl oz cup,9.0,220
20 fl oz cup,12.0,280
12 fl oz cup,2.0,180
16 fl oz cup,2.0,220
20 fl oz cup,2.5,280
16 fl oz cup,3.0,35
22 fl oz cup,4.5,50
32 fl oz cup,6.0,75
16 fl oz cup,3.0,35
22 fl oz cup,4.5,50
32 fl oz cup,6.0,65
16 fl oz cup,3.0,35
22 fl oz cup,4.5,50
32 fl oz cup,6.0,75
16 fl oz cup,3.0,40
22 fl oz cup,4.5,55
32 fl oz cup,6.0,80
16 fl oz cup,3.0,65
22 fl oz cup,4.5,90
32 fl oz cup,6.0,135
12 fl oz cup,7.0,125
16 fl oz cup,8.0,150
22 fl oz cup,10.0,220
12 fl oz cup,3.0,125
16 fl oz cup,3.5,150
22 fl oz cup,3.5,220
12 fl oz cup,7.0,140
16 fl oz cup,7.0,170
22 fl oz cup,10.0,250
12 fl oz cup,3.0,140
16 fl oz cup,3.0,170
22 fl oz cup,3.5,250
12 fl oz cup,12.0,125
16 fl oz cup,14.0,160
22 fl oz cup,17.0,190
12 fl oz cup,12.0,125
16 fl oz cup,15.0,160
22 fl oz cup,17.0,190
12 fl oz cup,14.0,135
16 fl oz cup,17.0,160
22 fl oz cup,20.0,200
12 fl oz cup,0.0,40
16 fl oz cup,0.0,50
22 fl oz cup,0.5,65
12 fl oz cup,0.0,50
16 fl oz cup,0.0,60
22 fl oz cup,0.5,80
12 fl oz cup,0.0,40
16 fl oz cup,0.0,45
22 fl oz cup,0.5,60
12 fl oz cup,10.0,160
16 fl oz cup,12.0,200
22 fl oz cup,15.0,260
12 fl oz cup,10.0,160
16 fl oz cup,13.0,210
22 fl oz cup,15.0,260
12 fl oz cup,10.0,240
16 fl oz cup,12.0,300
22 fl oz cup,15.0,380
16 fl oz cup,12.0,210
22 fl oz cup,15.0,260
10.9 oz (310 g),14.0,180
16.2 oz (460 g),20.0,260
7.3 oz (207 g),10.0,120
10.1 oz (285 g),9.0,280
13.4 oz (381 g),12.0,380
6.7 oz (190 g),6.0,190
14.2 oz (403 g),15.0,400
7.1 oz (202 g),8.0,200
